Entry Id,Sport,Date,Title,SalaryCap,Score,Opp Score,Position,Entries,Opponent,Entry ($),Winnings ($),Link
S1216791325,mlb,2017/05/10,$250 MLB Mini Sac Fly,$35k,133.60,,141,294,Tournament,1,0,https://www.fanduel.com/entry/ABJBLXPFN,
S1216780904,mlb,2017/05/10,$500 Experienced Players Excluded Free Play ,$35k,184.70,,211,4652,Tournament,0,1.00,https://www.fanduel.com/entry/DPWIUUNPZ,
S1216761641,mlb,2017/05/10,$250 MLB Mini Bunt,$35k,125.50,,179,294,Tournament,1,0,https://www.fanduel.com/entry/ANQWDCWYL,
S1216739971,mlb,2017/05/10,$250 MLB Mini Sac Fly,$35k,97.70,,229,294,Tournament,1,0,https://www.fanduel.com/entry/DEQJBBRLC,
S1216735016,mlb,2017/05/10,$10K Wed MLB Bunt (Single Entry),$35k,184.70,,864,11764,Tournament,1,3.00,https://www.fanduel.com/entry/CADWOCSLG,
S1216289880,mlb,2017/05/09,$250 MLB Mini Bunt,$35k,112.10,,197,294,Tournament,1,0,https://www.fanduel.com/entry/CJGFJMHMX,
S1216271813,mlb,2017/05/09,$250 MLB Mini Bunt,$35k,139,,107,294,Tournament,1,0,https://www.fanduel.com/entry/AWTEREHTB,
S1216190675,mlb,2017/05/09,$250 MLB Mini Sac Fly,$35k,65.20,,288,294,Tournament,1,0,https://www.fanduel.com/entry/CDJHSSZMY,
S1216026919,mlb,2017/05/09,$13K Tue MLB Bunt (Single Entry) ,$35k,138.90,,4905,15294,Tournament,1,0,https://www.fanduel.com/entry/DCMSXYGLB,
S1215786579,mlb,2017/05/08,$250 MLB Mini Sac Fly,$35k,186.60,,5,294,Tournament,1,7.50,https://www.fanduel.com/entry/COPHKALPQ,
S1215654096,mlb,2017/05/08,$250 MLB Mini Bunt,$35k,168.90,,28,294,Tournament,1,2.50,https://www.fanduel.com/entry/AAHGZMGQE,
S1215596237,mlb,2017/05/08,$250 MLB Mini Sac Fly,$35k,177.40,,17,294,Tournament,1,3.00,https://www.fanduel.com/entry/FCXHROISZ,
S1215581437,mlb,2017/05/08,$250 MLB Mini Bunt,$35k,181.50,,11,294,Tournament,1,4.00,https://www.fanduel.com/entry/EAANMTBYB,
S1215536805,mlb,2017/05/08,$13K Mon MLB Bunt (Single Entry) ,$35k,149,,2561,15294,Tournament,1,2.00,https://www.fanduel.com/entry/DAJDVIQOS,
S1215405912,mlb,2017/05/08,$500 Experienced Players Excluded Free Play ,$35k,161.60,,332,5722,Tournament,0,0,https://www.fanduel.com/entry/APULUUAGM,
S1214736345,mlb,2017/05/07,$250 MLB Mini Bunt,$35k,103.30,,161,294,Tournament,1,0,https://www.fanduel.com/entry/CYTLRUGRQ,
S1214724604,mlb,2017/05/07,$8K Sun MLB Bunt (Single Entry),$35k,85.40,,6666,9411,Tournament,1,0,https://www.fanduel.com/entry/FCXHYDWHM,
S1214117476,mlb,2017/05/06,$250 MLB Mini Sac Fly,$35k,146.30,,99,294,Tournament,1,0,https://www.fanduel.com/entry/AGSBXADPC,
S1214116910,mlb,2017/05/06,$250 MLB Mini Bunt,$35k,95.90,,251,294,Tournament,1,0,https://www.fanduel.com/entry/EEVPZKKSI,
S1214116078,mlb,2017/05/06,$10K Sat MLB Bunt (Single Entry),$35k,149.40,,2957,11764,Tournament,1,0,https://www.fanduel.com/entry/AFCJLORQA,
S1213689372,mlb,2017/05/05,$250 MLB Mini Sac Fly,$35k,110,,133,294,Tournament,1,0,https://www.fanduel.com/entry/CHCQOQAQC,
S1213643656,mlb,2017/05/05,$10K Fri MLB Sac Fly (3 Entries Max),$35k,91.50,,8435,11764,Tournament,1,0,https://www.fanduel.com/entry/BPZSJJFDJ,
S1213622134,mlb,2017/05/05,$250 MLB Mini Bunt,$35k,125.20,,129,294,Tournament,1,0,https://www.fanduel.com/entry/BLEPQJUNZ,
S1213619600,mlb,2017/05/05,$250 MLB Mini Sac Fly,$35k,120.40,,145,294,Tournament,1,0,https://www.fanduel.com/entry/DMQYGCDNV,
S1213594477,mlb,2017/05/05,$14K Fri MLB Bunt (Single Entry),$35k,136.80,,3564,16429,Tournament,1,0,https://www.fanduel.com/entry/EEHSLPDFW,
S1213027407,mlb,2017/05/04,$250 MLB Mini Sac Fly,$35k,139,,32,294,Tournament,1,2.50,https://www.fanduel.com/entry/FBVMUUNUY,
S1213024472,mlb,2017/05/04,$8K Thu MLB Bunt (Single Entry),$35k,151.40,,765,9411,Tournament,1,2.00,https://www.fanduel.com/entry/FAFUPNKOI,
S1213020859,mlb,2017/05/04,$250 MLB Mini Bunt,$35k,77.80,,194,294,Tournament,1,0,https://www.fanduel.com/entry/ADMRZJMHW,
S1212134753,mlb,2017/05/03,$10K Wed MLB Sac Fly (3 Entries Max),$35k,89.30,,9681,11764,Tournament,1,0,https://www.fanduel.com/entry/AUBRLCZCC,
S1212097191,mlb,2017/05/03,$250 MLB Mini Bunt,$35k,139.60,,86,294,Tournament,1,0,https://www.fanduel.com/entry/ENXZFCLZF,
S1212083409,mlb,2017/05/03,$13K Wed MLB Bunt (Single Entry) ,$35k,130.60,,5439,15294,Tournament,1,0,https://www.fanduel.com/entry/DTPQYXFKL,
S1212083274,mlb,2017/05/03,Bronze FDP Free Play,$35k,130.60,,5630,19853,Tournament,0,0,https://www.fanduel.com/entry/EVKQIGFYH,
S1211314552,mlb,2017/05/02,$250 MLB Mini Sac Fly,$35k,113.40,,222,294,Tournament,1,0,https://www.fanduel.com/entry/AJXMRLRML,
S1211305292,mlb,2017/05/02,$13K Tue MLB Bunt (Single Entry) ,$35k,149.20,,5555,15294,Tournament,1,0,https://www.fanduel.com/entry/AWTEOHSTB,
S1211295422,mlb,2017/05/02,$250 MLB Mini Bunt,$35k,165.20,,87,294,Tournament,1,0,https://www.fanduel.com/entry/BETTCGMHZ,
S1210969031,mlb,2017/05/01,$250 MLB Mini Bunt,$35k,68.40,,276,294,Tournament,1,0,https://www.fanduel.com/entry/CXDSNGWSI,
S1210737582,mlb,2017/05/01,$250 MLB Mini Bunt,$35k,91.10,,215,294,Tournament,1,0,https://www.fanduel.com/entry/AOSREXEVN,
S1210720603,mlb,2017/05/01,$250 MLB Mini Sac Fly,$35k,64.90,,266,294,Tournament,1,0,https://www.fanduel.com/entry/DZMOWYRSY,
S1210691451,mlb,2017/05/01,$250 MLB Mini Sac Fly,$35k,125.80,,87,294,Tournament,1,0,https://www.fanduel.com/entry/DTPRIJHXW,
S1210689910,mlb,2017/05/01,$250 MLB Mini Bunt,$35k,71.10,,265,294,Tournament,1,0,https://www.fanduel.com/entry/ELUJYEZSY,
S1210682104,mlb,2017/05/01,$12K Mon MLB Bunt (Single Entry),$35k,103.30,,7622,14117,Tournament,1,0,https://www.fanduel.com/entry/ECSAVCBOA,
S1210388189,nba,2017/04/30,NBA Fantasy Playoffs presented by Bud Light ,$60k,265.90,,19516,43514,Tournament,0,0,https://www.fanduel.com/entry/CIEKSALRX,
S1210260765,nba,2017/04/30,$250 NBA Mini Dribbler (Single Entry),$60k,269.70,,98,294,Tournament,1,0,https://www.fanduel.com/entry/AYWUGRMTZ,
S1209389377,mlb,2017/04/28,$13K Fri MLB Bunt (Single Entry) ,$35k,156.60,,3659,15294,Tournament,1,0,https://www.fanduel.com/entry/CIEJPTXKE,
S1209292933,mlb,2017/04/28,$250 MLB Mini Sac Fly,$35k,152.10,,76,294,Tournament,1,0,https://www.fanduel.com/entry/BBOHJWGPP,
S1209282282,mlb,2017/04/28,$250 MLB Mini Bunt,$35k,119.30,,196,294,Tournament,1,0,https://www.fanduel.com/entry/AOERENZNQ,
S1209127841,nba,2017/04/28,$22K Fri NBA Dribbler (Single Entry),$60k,275.70,,8094,25240,Tournament,1,0,https://www.fanduel.com/entry/EHNCKJQJW,
S1208589729,mlb,2017/04/27,$10K Thu MLB Sac Fly (3 Entries Max),$35k,126.40,,3184,11760,Tournament,1,0,https://www.fanduel.com/entry/BYAFMHYTK,
S1208576450,mlb,2017/04/27,$10K Thu MLB Sac Fly (3 Entries Max),$35k,132.50,,2543,11760,Tournament,1,0,https://www.fanduel.com/entry/DFSDQJPEE,
S1208574221,mlb,2017/04/27,$10K Thu MLB Sac Fly (3 Entries Max),$35k,98.20,,7221,11760,Tournament,1,0,https://www.fanduel.com/entry/ENKBFNLCY,
S1208572519,mlb,2017/04/27,$8K Thu MLB Bunt (Single Entry),$35k,131.70,,2075,9411,Tournament,1,0,https://www.fanduel.com/entry/AQWFPZXKY,
S1207994853,mlb,2017/04/26,$10K Wed MLB Sac Fly (3 Entries Max),$35k,144.70,,4371,11764,Tournament,1,0,https://www.fanduel.com/entry/DNSRTWDQN,
S1207946866,mlb,2017/04/26,$250 MLB Mini Sac Fly,$35k,140.50,,152,294,Tournament,1,0,https://www.fanduel.com/entry/EEHRMMPWC,
S1207933965,mlb,2017/04/26,$250 MLB Mini Sac Fly,$35k,182.80,,55,294,Tournament,1,2.50,https://www.fanduel.com/entry/BOJYSBZHY,
S1207888730,mlb,2017/04/26,$250 MLB Mini Bunt,$35k,171.70,,63,294,Tournament,1,0,https://www.fanduel.com/entry/DGGAKRTXR,
S1207876346,mlb,2017/04/26,$12K Wed MLB Bunt (Single Entry),$35k,175.90,,1751,14117,Tournament,1,2.50,https://www.fanduel.com/entry/AJXLTMZQH,
S1207819932,nba,2017/04/26,NBA Fantasy Playoffs presented by Bud Light ,$60k,239.10,,38110,51782,Tournament,0,0,https://www.fanduel.com/entry/BGXHNFLZW,
S1207818898,nba,2017/04/26,$250 NBA Mini Dribbler (Single Entry),$60k,239.10,,228,294,Tournament,1,0,https://www.fanduel.com/entry/EPNQMSJIA,
S1207808568,nba,2017/04/26,$20K Wed NBA Dribbler (Single Entry),$60k,266.60,,5106,23529,Tournament,1,0,https://www.fanduel.com/entry/EVKPGSILW,
S1207316595,mlb,2017/04/25,$250 MLB Mini Sac Fly,$35k,182.40,,26,294,Tournament,1,3.00,https://www.fanduel.com/entry/BUGWKOASI,
S1207173083,mlb,2017/04/25,50/50 Contest ($1 - Top 50% Win) (Main),$35k,101.90,,95,100,Tournament,1,0,https://www.fanduel.com/entry/EPNQHODGG,
S1207151386,nba,2017/04/25,$250 NBA Mini Dribbler (Single Entry),$60k,276.70,,57,294,Tournament,1,2.50,https://www.fanduel.com/entry/BSRESEMRE,
S1207150795,nba,2017/04/25,NBA Fantasy Playoffs presented by Bud Light ,$60k,260.90,,18664,59040,Tournament,0,0,https://www.fanduel.com/entry/AAHFGHSPI,
S1207150520,mlb,2017/04/25,$250 MLB Mini Sac Fly,$35k,118.10,,191,294,Tournament,1,0,https://www.fanduel.com/entry/EYQAGEJLM,
S1207114045,nba,2017/04/25,Buzzer Beater $5_000 NBA Free Play,$60k,260.90,,24520,122445,Tournament,0,0,https://www.fanduel.com/entry/ENXXRJQAX,
S1207064216,mlb,2017/04/25,$13K Tue MLB Bunt (Single Entry) ,$35k,166.50,,2441,15294,Tournament,1,2.00,https://www.fanduel.com/entry/EGZFKTMRN,
S1206996177,nba,2017/04/25,$22K Tue NBA Dribbler (Single Entry),$60k,260.90,,9215,25882,Tournament,1,0,https://www.fanduel.com/entry/BWYLCWYAY,
S1206700204,mlb,2017/04/24,$250 MLB Mini Sac Fly,$35k,83.80,,258,294,Tournament,1,0,https://www.fanduel.com/entry/DAWZSKUDH,
S1206437242,mlb,2017/04/24,$250 MLB Mini Sac Fly,$35k,105.80,,188,294,Tournament,1,0,https://www.fanduel.com/entry/CPRAMXBQV,
S1206432501,mlb,2017/04/24,MLB tournament,$35k,,,0,,Cancelled,1,0,https://www.fanduel.com/entry/BPZRFGERH, voided
S1206425600,mlb,2017/04/24,MLB tournament,$35k,,,0,,Cancelled,1,0,https://www.fanduel.com/entry/CMLPRAGIZ, voided
S1206412256,mlb,2017/04/24,$250 MLB Mini Bunt,$35k,108.20,,178,294,Tournament,1,0,https://www.fanduel.com/entry/DQYCSTGWF,
S1206374378,nba,2017/04/24,NBA Fantasy Playoffs presented by Bud Light ,$60k,273,,18293,53144,Tournament,0,0,https://www.fanduel.com/entry/CZHHFRTQO,
S1206374007,nba,2017/04/24,$20K Mon NBA Swat (3 Entries Max),$60k,213.80,,22395,23529,Tournament,1,0,https://www.fanduel.com/entry/ENXYHDUES,
S1206372432,nba,2017/04/24,$20K Mon NBA Swat (3 Entries Max),$60k,219.30,,21874,23529,Tournament,1,0,https://www.fanduel.com/entry/BEFUJPNOK,
S1206370925,nba,2017/04/24,$20K Mon NBA Swat (3 Entries Max),$60k,313.40,,690,23529,Tournament,1,3.00,https://www.fanduel.com/entry/EFXJVQKSG,
S1206368457,nba,2017/04/24,$250 NBA Mini Dribbler (Single Entry),$60k,273,,124,294,Tournament,1,0,https://www.fanduel.com/entry/DDAPOUYQS,
S1206356649,mlb,2017/04/24,$12K Mon MLB Bunt (Single Entry),$35k,73.70,,12209,14117,Tournament,1,0,https://www.fanduel.com/entry/BGJKRIGWO,
S1206355829,nba,2017/04/24,$22K Mon NBA Dribbler (Single Entry),$60k,262.90,,12907,25882,Tournament,1,0,https://www.fanduel.com/entry/DHHVXYJPY,
S1205937909,mlb,2017/04/23,$5K Sun MLB Stolen Base (Single Entry),$35k,101.70,,2048,2941,Tournament,2,0,https://www.fanduel.com/entry/BGXHHMIEB,
S1205810764,nba,2017/04/23,$20K Sun NBA Swat (3 Entries Max),$60k,247,,8674,23529,Tournament,1,0,https://www.fanduel.com/entry/CYFLRWGFB,
S1205810742,nba,2017/04/23,$20K Sun NBA Swat (3 Entries Max),$60k,283.90,,1946,23529,Tournament,1,2.00,https://www.fanduel.com/entry/BPLUGBFTQ,
S1205810291,nba,2017/04/23,$20K Sun NBA Swat (3 Entries Max),$60k,259.70,,5768,23529,Tournament,1,0,https://www.fanduel.com/entry/FGCQHBOXV,
S1205803820,nba,2017/04/23,$2K NBA Mini Swat (Experienced Players Excluded),$60k,283.90,,196,2245,Tournament,1,3.00,https://www.fanduel.com/entry/CWBVSIAVZ,
S1205800413,nba,2017/04/23,$250 NBA Mini Dribbler (Single Entry),$60k,237.30,,155,294,Tournament,1,0,https://www.fanduel.com/entry/CTYGAJLRN,
S1205799316,nba,2017/04/23,$15K Sun NBA Dribbler (Single Entry),$60k,247,,6664,17647,Tournament,1,0,https://www.fanduel.com/entry/CDXDKUPYP,
S1205714892,mlb,2017/04/23,$250 MLB Mini Sac Fly,$35k,98.90,,237,294,Tournament,1,0,https://www.fanduel.com/entry/BLENPELMQ,
S1205687618,mlb,2017/04/23,$250 MLB Mini Bunt,$35k,127.80,,105,294,Tournament,1,0,https://www.fanduel.com/entry/EEVPRCDZO,
S1205574123,mlb,2017/04/23,$250 MLB Mini Sac Fly,$35k,108.20,,164,294,Tournament,1,0,https://www.fanduel.com/entry/CDXDVVSRM,
S1205572598,mlb,2017/04/23,$8K Sun MLB Bunt (Single Entry),$35k,129.80,,3150,9411,Tournament,1,0,https://www.fanduel.com/entry/BTFCIHLDU,
S1205461534,mlb,2017/04/22,$250 MLB Mini Bunt,$35k,155.10,,81,294,Tournament,1,0,https://www.fanduel.com/entry/DTBRZQSYY,
S1205126766,mlb,2017/04/22,$250 MLB Mini Sac Fly,$35k,177.20,,24,294,Tournament,1,3.00,https://www.fanduel.com/entry/DLPBMKWCR,
S1205117300,mlb,2017/04/22,$250 MLB Mini Bunt,$35k,149,,90,294,Tournament,1,0,https://www.fanduel.com/entry/BSDHCIZUB,
S1204832581,mlb,2017/04/22,$8K Sat MLB Bunt (Single Entry),$35k,126.60,,4970,9411,Tournament,1,0,https://www.fanduel.com/entry/AAHFUJDFT,
S1204725833,mlb,2017/04/21,$250 MLB Mini Bunt,$35k,156.10,,31,294,Tournament,1,2.50,https://www.fanduel.com/entry/AVRITSYXV,
S1204569521,mlb,2017/04/21,$250 MLB Mini Bunt,$35k,138.80,,79,294,Tournament,1,0,https://www.fanduel.com/entry/EKEQPRFMR,
S1204554136,mlb,2017/04/21,$250 MLB Mini Sac Fly,$35k,68.20,,264,294,Tournament,1,0,https://www.fanduel.com/entry/BZCABAYLI,
S1204554013,mlb,2017/04/21,$12K Fri MLB Bunt (Single Entry),$35k,92.60,,8991,14117,Tournament,1,0,https://www.fanduel.com/entry/FAFSEKUEO,
S1204543662,nba,2017/04/21,$250 NBA Mini Dribbler (Single Entry),$60k,230.80,,158,294,Tournament,1,0,https://www.fanduel.com/entry/BETRORJEC,
S1204300841,nba,2017/04/21,$250 NBA Mini Dribbler (Single Entry),$60k,267.60,,43,294,Tournament,1,2.50,https://www.fanduel.com/entry/BSRDZKANA,
S1204289241,nba,2017/04/21,NBA Fantasy Playoffs presented by Bud Light ,$60k,235.10,,22637,46554,Tournament,0,0,https://www.fanduel.com/entry/EGLHAKUKO,
S1204289199,nba,2017/04/21,$22K Fri NBA Dribbler (Single Entry),$60k,235.10,,12602,25882,Tournament,1,0,https://www.fanduel.com/entry/FDLCYWIAC,
S1204062157,mlb,2017/04/20,$250 MLB Mini Bunt,$35k,83.40,,188,294,Tournament,1,0,https://www.fanduel.com/entry/DMQWVCDMZ,
S1203864198,mlb,2017/04/20,$250 MLB Mini Sac Fly,$35k,59.60,,259,294,Tournament,1,0,https://www.fanduel.com/entry/DOUMQIMLK,
S1203864183,mlb,2017/04/20,$250 MLB Mini Sac Fly,$35k,85.40,,175,294,Tournament,1,0,https://www.fanduel.com/entry/DZMOJESZW,
S1203857110,mlb,2017/04/20,$250 MLB Mini Bunt,$35k,64.90,,253,294,Tournament,1,0,https://www.fanduel.com/entry/CGORTGFVC,
S1203717526,mlb,2017/04/20,$12K Thu MLB Bunt (Single Entry),$35k,64.60,,11991,14117,Tournament,1,0,https://www.fanduel.com/entry/CWBWWZZHY,
S1203620641,nba,2017/04/20,NBA Fantasy Playoffs presented by Bud Light ,$60k,270.20,,14290,53683,Tournament,0,0,https://www.fanduel.com/entry/AEOKZFUME,
S1203615673,nba,2017/04/20,$250 NBA Mini Swat,$60k,282.80,,40,294,Tournament,1,2.50,https://www.fanduel.com/entry/EAALTHBXC,
S1203596865,nba,2017/04/20,$250 NBA Mini Swat,$60k,270.10,,88,294,Tournament,1,0,https://www.fanduel.com/entry/AWTEBNWQU,
S1203595853,nba,2017/04/20,$250 NBA Mini Dribbler (Single Entry),$60k,270.20,,102,294,Tournament,1,0,https://www.fanduel.com/entry/AUPODSKRC,
S1203594961,nba,2017/04/20,$25K Thu NBA Dribbler (Single Entry),$60k,241.20,,18541,29407,Tournament,1,0,https://www.fanduel.com/entry/AKZHJMLFG,
S1203098669,mlb,2017/04/19,$250 MLB Mini Sac Fly,$35k,189.60,,14,294,Tournament,1,4.00,https://www.fanduel.com/entry/ABWXMSRII,
S1203095744,mlb,2017/04/19,$250 MLB Mini Bunt,$35k,83.40,,239,294,Tournament,1,0,https://www.fanduel.com/entry/BLSLFHKEU,
S1203087691,mlb,2017/04/19,$12K Wed MLB Bunt (Single Entry),$35k,189.60,,419,14117,Tournament,1,4.00,https://www.fanduel.com/entry/DQKFATVUY,
S1203077326,nba,2017/04/19,$250 NBA Mini Dribbler (Single Entry),$60k,310.60,,60,294,Tournament,1,2.50,https://www.fanduel.com/entry/BBOHDZJTC,
S1203042218,nba,2017/04/19,NBA Fantasy Playoffs presented by Bud Light ,$60k,246.10,,44031,55756,Tournament,0,0,https://www.fanduel.com/entry/DIJQDBNWF,
S1203041848,nba,2017/04/19,$250 NBA Mini Dribbler (Single Entry),$60k,329.70,,28,294,Tournament,1,2.50,https://www.fanduel.com/entry/EKSMYNCNL,
S1203000032,nba,2017/04/19,$250 NBA Mini Dribbler (Single Entry),$60k,250,,246,294,Tournament,1,0,https://www.fanduel.com/entry/BJOVXGCIV,
S1202884614,nba,2017/04/19,$250 NBA Mini Dribbler (Single Entry),$60k,246.10,,240,294,Tournament,1,0,https://www.fanduel.com/entry/FCXGGZNKP,
S1202792500,nba,2017/04/19,$22K Wed NBA Dribbler (Single Entry),$60k,315.40,,3343,25882,Tournament,1,2.00,https://www.fanduel.com/entry/CCHKUMJRL,
S1202293935,mlb,2017/04/18,$250 MLB Mini Bunt,$35k,65.70,,266,294,Tournament,1,0,https://www.fanduel.com/entry/BFHPRVPZS,
S1202102643,mlb,2017/04/18,$250 MLB Mini Sac Fly,$35k,49.50,,290,294,Tournament,1,0,https://www.fanduel.com/entry/FEMYMCXST,
S1202100024,mlb,2017/04/18,$250 MLB Mini Sac Fly,$35k,118.40,,95,294,Tournament,1,0,https://www.fanduel.com/entry/ARYALPWPN,
S1202097429,mlb,2017/04/18,$250 MLB Mini Sac Fly,$35k,114.50,,110,294,Tournament,1,0,https://www.fanduel.com/entry/BHZDDIQNR,
S1202094463,mlb,2017/04/18,$250 MLB Mini Bunt,$35k,116.60,,98,294,Tournament,1,0,https://www.fanduel.com/entry/BFHPOZBBN,
S1202091160,mlb,2017/04/18,$12K Tue MLB Bunt (Single Entry),$35k,58.70,,13415,14117,Tournament,1,0,https://www.fanduel.com/entry/DHHWBNPEX,
S1202088259,nba,2017/04/18,$250 NBA Mini Dribbler (Single Entry),$60k,272.50,,108,294,Tournament,1,0,https://www.fanduel.com/entry/DNSRUSNGT,
S1202039510,nba,2017/04/18,$250 NBA Mini Dribbler (Single Entry),$60k,274.30,,81,294,Tournament,1,0,https://www.fanduel.com/entry/FBVLDMMDO,
S1202009439,nba,2017/04/18,$250 NBA Mini Dribbler (Single Entry),$60k,283.20,,48,294,Tournament,1,2.50,https://www.fanduel.com/entry/BGXHGETOF,
S1202008452,nba,2017/04/18,NBA Fantasy Playoffs presented by Bud Light ,$60k,287.70,,6295,52903,Tournament,0,0,https://www.fanduel.com/entry/CUMDIAKJL,
S1202008384,nba,2017/04/18,$20K Tue NBA Dribbler (Single Entry),$60k,287.70,,2983,23529,Tournament,1,2.00,https://www.fanduel.com/entry/ECRYNSJUR,
S1201602015,mlb,2017/04/17,$250 MLB Mini Sac Fly,$35k,116.60,,114,294,Tournament,1,0,https://www.fanduel.com/entry/BNIDFKHJV,
S1201592836,mlb,2017/04/17,$250 MLB Mini Bunt,$35k,79.70,,248,294,Tournament,1,0,https://www.fanduel.com/entry/CXDRBKMZB,
S1201516539,mlb,2017/04/17,$250 MLB Mini Bunt,$35k,53.40,,278,294,Tournament,1,0,https://www.fanduel.com/entry/EXAHTHPTS,
S1201514122,mlb,2017/04/17,$250 MLB Mini Sac Fly,$35k,172.90,,10,294,Tournament,1,5.00,https://www.fanduel.com/entry/EVYMQQYDW,
S1201509833,mlb,2017/04/17,$10K Mon MLB Bunt (Single Entry),$35k,102.30,,6465,11764,Tournament,1,0,https://www.fanduel.com/entry/AGSBFUSBS,
S1201375467,nba,2017/04/17,NBA Fantasy Playoffs presented by Bud Light ,$60k,299.80,,3275,46626,Tournament,0,0,https://www.fanduel.com/entry/FGCRBWFYC,
S1201373573,nba,2017/04/17,$15K Mon NBA Dribbler (Single Entry),$60k,299.80,,1261,17647,Tournament,1,2.50,https://www.fanduel.com/entry/APUKLXYDQ,
S1200937944,nba,2017/04/16,$250 NBA Mini Dribbler (Single Entry),$60k,270.20,,154,294,Tournament,1,0,https://www.fanduel.com/entry/FDZAQZLUR,
S1200783961,nba,2017/04/16,$250 NBA Mini Dribbler (Single Entry),$60k,237,,252,294,Tournament,1,0,https://www.fanduel.com/entry/CWPUBMXDV,
S1200783059,nba,2017/04/16,$250 NBA Mini Dribbler (Single Entry),$60k,255.60,,211,294,Tournament,1,0,https://www.fanduel.com/entry/ELGLCRLUT,
S1200718663,nba,2017/04/16,NBA Fantasy Playoffs presented by Bud Light ,$60k,317.90,,2249,40800,Tournament,0,0,https://www.fanduel.com/entry/AIHTPUWOU,
S1200718429,nba,2017/04/16,$15K Sun NBA Dribbler (Single Entry),$60k,317.90,,1114,17647,Tournament,1,2.50,https://www.fanduel.com/entry/APUKLMTHW,
S1200229295,nba,2017/04/15,$250 NBA Mini Dribbler (Single Entry),$60k,287.60,,68,294,Tournament,1,0,https://www.fanduel.com/entry/CTYGBFVCQ,
S1200044592,nba,2017/04/15,NBA Fantasy Playoffs presented by Bud Light ,$60k,280.10,,16523,62240,Tournament,0,0,https://www.fanduel.com/entry/ETUXHPNSC,
S1200043752,nba,2017/04/15,$250 NBA Mini Dribbler (Single Entry),$60k,280.10,,89,294,Tournament,1,0,https://www.fanduel.com/entry/FFAVHSQVR,
S1200021374,nba,2017/04/15,$250 NBA Mini Swat,$60k,308.60,,6,294,Tournament,1,7.00,https://www.fanduel.com/entry/CSINQMZWT,
S1200015377,nba,2017/04/15,$250 NBA Mini Dribbler (Single Entry),$60k,244.30,,240,294,Tournament,1,0,https://www.fanduel.com/entry/AUBPYVKJZ,
S1200015199,nba,2017/04/15,$250 NBA Mini Dribbler (Single Entry),$60k,176.40,,294,294,Tournament,1,0,https://www.fanduel.com/entry/AWTDKMDWL,
S1199690399,mlb,2017/04/14,$250 MLB Mini Bunt,$35k,89.60,,253,294,Tournament,1,0,https://www.fanduel.com/entry/COBHZWPBC,
S1199610233,mlb,2017/04/14,$250 MLB Mini Sac Fly,$35k,199.70,,1,294,Tournament,1,30.00,https://www.fanduel.com/entry/CARTDKKAR,
S1199607659,mlb,2017/04/14,$250 MLB Mini Bunt,$35k,145.40,,84,294,Tournament,1,0,https://www.fanduel.com/entry/CADVRTATD,
S1199436533,mlb,2017/04/14,$250 MLB Mini Sac Fly,$35k,107.20,,211,294,Tournament,1,0,https://www.fanduel.com/entry/DVTFNLKPO,
S1199433395,mlb,2017/04/14,$12K Fri MLB Bunt (Single Entry),$35k,153.60,,2182,14117,Tournament,1,2.50,https://www.fanduel.com/entry/DYKSWBWFC,
S1199429590,mlb,2017/04/14,$250 MLB Mini Bunt,$35k,130.60,,128,294,Tournament,1,0,https://www.fanduel.com/entry/BYAFISSXW,
S1199255152,mlb,2017/04/13,$250 MLB Mini Sac Fly,$35k,146.30,,38,294,Tournament,1,2.50,https://www.fanduel.com/entry/CRUPXGALJ,
S1199241399,mlb,2017/04/13,$250 MLB Mini Sac Fly,$35k,161,,22,294,Tournament,1,3.00,https://www.fanduel.com/entry/CRUQEZJOP,
S1199236756,mlb,2017/04/13,$250 MLB Mini Bunt,$35k,102.50,,178,294,Tournament,1,0,https://www.fanduel.com/entry/FEMYCJJFZ,
S1198485793,mlb,2017/04/12,$250 MLB Mini Bunt,$35k,73.70,,267,294,Tournament,1,0,https://www.fanduel.com/entry/DKNGZSBNU,
S1198480683,mlb,2017/04/12,$10K Wed MLB Bunt (Single Entry),$35k,140.70,,2049,11764,Tournament,1,2.00,https://www.fanduel.com/entry/CHCPDMHOS,
S1196805419,mlb,2017/04/10,$250 MLB Mini Sac Fly,$35k,92.80,,189,294,Tournament,1,0,https://www.fanduel.com/entry/BEFUKASBK,
S1196804406,mlb,2017/04/10,$250 MLB Mini Sac Fly,$35k,142.50,,52,294,Tournament,1,2.50,https://www.fanduel.com/entry/EEVOWLFMI,
S1196793425,mlb,2017/04/10,$250 MLB Mini Bunt,$35k,114.30,,119,294,Tournament,1,0,https://www.fanduel.com/entry/BCQBZWUPW,
S1196789855,mlb,2017/04/10,$9K Mon MLB Bunt (Single Entry),$35k,70.10,,9409,10588,Tournament,1,0,https://www.fanduel.com/entry/AXHBKEXVO,
S1196256246,mlb,2017/04/09,$250 MLB Mini Sac Fly,$35k,48.90,,287,294,Tournament,1,0,https://www.fanduel.com/entry/EZRVOOEPO,
S1196247410,mlb,2017/04/09,$250 MLB Mini Bunt,$35k,129.80,,93,294,Tournament,1,0,https://www.fanduel.com/entry/AMOZWFLMI,
S1196235293,mlb,2017/04/09,$250 MLB Mini Sac Fly,$35k,157.10,,38,294,Tournament,1,2.50,https://www.fanduel.com/entry/CQSVBBDIB,
S1196234007,mlb,2017/04/09,$8K Sun MLB Bunt (Single Entry),$35k,133,,2516,9411,Tournament,1,0,https://www.fanduel.com/entry/CGOQVHNNH,
S1196223558,mlb,2017/04/09,$250 MLB Mini Bunt,$35k,70.90,,262,294,Tournament,1,0,https://www.fanduel.com/entry/EKEPSWITX,
S1195616179,mlb,2017/04/08,$250 MLB Mini Sac Fly,$35k,122,,97,294,Tournament,1,0,https://www.fanduel.com/entry/EJQSLQOVU,
S1195597560,mlb,2017/04/08,$250 MLB Mini Sac Fly,$35k,145.10,,40,294,Tournament,1,2.50,https://www.fanduel.com/entry/ATNTBQQQO,
S1195592476,mlb,2017/04/08,$250 MLB Mini Bunt,$35k,122,,94,294,Tournament,1,0,https://www.fanduel.com/entry/AMOZVXZPM,
S1195587482,mlb,2017/04/08,$10K Sat MLB Bunt (Single Entry),$35k,112.30,,5975,11764,Tournament,1,0,https://www.fanduel.com/entry/CLXRMZPOP,
S1194992247,mlb,2017/04/07,$15K Fri MLB Sac Fly (3 Entries Max),$35k,128,,3330,17647,Tournament,1,2.00,https://www.fanduel.com/entry/DDOMNKZME,
S1194992238,mlb,2017/04/07,$15K Fri MLB Sac Fly (3 Entries Max),$35k,122.70,,4106,17647,Tournament,1,0,https://www.fanduel.com/entry/ELUHSKIEI,
S1194991836,mlb,2017/04/07,$12K Fri MLB Bunt (Single Entry),$35k,81.20,,9085,13631,Tournament,1,0,https://www.fanduel.com/entry/EBCFZKIRG,
S1194826033,mlb,2017/04/07,$5K Fri MLB Bunt (Single Entry_ Early Only),$35k,150.60,,661,5882,Tournament,1,2.50,https://www.fanduel.com/entry/CSIOFSGEC,
S1194458426,mlb,2017/04/06,$250 MLB Mini Bunt,$35k,108.80,,213,294,Tournament,1,0,https://www.fanduel.com/entry/EQBNVJKLK,
S1194233075,mlb,2017/04/06,$10K Thu MLB Sac Fly (3 Entries Max),$35k,99.30,,9187,11764,Tournament,1,0,https://www.fanduel.com/entry/DXWWBETPJ,
S1194231441,mlb,2017/04/06,$10K Thu MLB Sac Fly (3 Entries Max),$35k,139.50,,2355,11764,Tournament,1,2.00,https://www.fanduel.com/entry/EHNCROBMP,
S1194226581,mlb,2017/04/06,$10K Thu MLB Sac Fly (3 Entries Max),$35k,113.10,,6651,11764,Tournament,1,0,https://www.fanduel.com/entry/CGORSNOXV,
S1194222672,mlb,2017/04/06,$5K Thu MLB Bunt (Single Entry),$35k,99.30,,4659,5882,Tournament,1,0,https://www.fanduel.com/entry/CNNKYYWRZ,
S1193719667,pga,2017/04/06,$20K PGA Flop Shot (5 Entries Max),$60k,227.40,,6603,23529,Tournament,1,0,https://www.fanduel.com/entry/CCVIXYCET,
S1193719622,pga,2017/04/06,$20K PGA Flop Shot (5 Entries Max),$60k,177.60,,17287,23529,Tournament,1,0,https://www.fanduel.com/entry/FFAWAUOSH,
S1193719586,pga,2017/04/06,$20K PGA Flop Shot (5 Entries Max),$60k,252.40,,2658,23529,Tournament,1,2.00,https://www.fanduel.com/entry/CEYYWPXWD,
S1193277189,mlb,2017/04/05,$15K Wed MLB Sac Fly (3 Entries Max),$35k,82.90,,13831,17647,Tournament,1,0,https://www.fanduel.com/entry/CMLPIVSCW,
S1193277170,mlb,2017/04/05,$15K Wed MLB Sac Fly (3 Entries Max),$35k,127.20,,3868,17647,Tournament,1,0,https://www.fanduel.com/entry/DGTXWJCZA,
S1193277089,mlb,2017/04/05,$7K Wed MLB Bunt (Single Entry) ,$35k,141.70,,938,8235,Tournament,1,2.50,https://www.fanduel.com/entry/EWMJWSWNA,
S1193276193,mlb,2017/04/05,$15K Wed MLB Sac Fly (3 Entries Max),$35k,86.40,,13017,17647,Tournament,1,0,https://www.fanduel.com/entry/BWKMTKPIO,
S1193142412,nba,2017/04/05,Chef's Cut to the Playoff Finals,$60k,314,,4973,153344,Tournament,0,0,https://www.fanduel.com/entry/BYOMLUNZW,
S1193100705,nba,2017/04/05,Chef's Cut to the Playoff Finals,$60k,274.50,,52890,153344,Tournament,0,0,https://www.fanduel.com/entry/CZHRTASBS,
S1193059784,nba,2017/04/05,Chef's Cut to the Playoff Finals,$60k,299.40,,16689,153344,Tournament,0,0,https://www.fanduel.com/entry/AAHPALAEF,
S1192554240,mlb,2017/04/04,$2K Tue MLB Bunt #3 (Single Entry),$35k,109.90,,513,2352,Tournament,1,0,https://www.fanduel.com/entry/CLKEIBRMJ,
S1192307833,mlb,2017/04/04,$10_000 MLB Countdown Free Play,$35k,76.30,,16443,29757,Tournament,0,0,https://www.fanduel.com/entry/DIJZXQAJP,
S1192246700,mlb,2017/04/04,$15K Tue MLB Sac Fly (3 Entries Max),$35k,76.30,,11940,17647,Tournament,1,0,https://www.fanduel.com/entry/EOMFCBBCK,
S1192246676,mlb,2017/04/04,$15K Tue MLB Sac Fly (3 Entries Max),$35k,91.50,,7831,17647,Tournament,1,0,https://www.fanduel.com/entry/EXOPPDWXT,
S1192201393,mlb,2017/04/04,$10K Tue MLB Bunt (Single Entry),$35k,122.90,,970,11764,Tournament,1,3.00,https://www.fanduel.com/entry/AVRSVIDWS,
S1191779624,mlb,2017/04/03,$150K Mon MLB Sac Fly ($150K Guaranteed),$35k,101.70,,101694,132782,Tournament,1,0,https://www.fanduel.com/entry/DVTPACVEF,
S1191559144,mlb,2017/04/03,$150K Mon MLB Sac Fly ($150K Guaranteed),$35k,152.10,,30947,132782,Tournament,1,2.00,https://www.fanduel.com/entry/EQPVNUEYM,
S1191555836,mlb,2017/04/03,$150K Mon MLB Sac Fly ($150K Guaranteed),$35k,181.60,,8565,132782,Tournament,1,3.00,https://www.fanduel.com/entry/DRMJWNSMU,
S1191238426,pga,2017/04/06,$20K Thu PGA Hole in One (Single Entry),$60k,227.40,,4820,17441,Tournament,1,0,https://www.fanduel.com/entry/FATZVCVDX,
S1191219155,nba,2017/04/02,$250 NBA Mini Dribbler (Single Entry),$60k,266.50,,215,294,Tournament,1,0,https://www.fanduel.com/entry/DMRGRQVIF,
S1191070717,nba,2017/04/02,$20K Sun NBA Swat (3 Entries Max),$60k,301.30,,8555,23529,Tournament,1,0,https://www.fanduel.com/entry/CGBEDZVKL,
S1191070704,nba,2017/04/02,$20K Sun NBA Swat (3 Entries Max),$60k,272.10,,15460,23529,Tournament,1,0,https://www.fanduel.com/entry/CHQWQAFDZ,
S1191070687,nba,2017/04/02,$20K Sun NBA Swat (3 Entries Max),$60k,272.60,,15327,23529,Tournament,1,0,https://www.fanduel.com/entry/CKWHOAYRB,
S1191051682,nba,2017/04/02,$250 NBA Mini Swat,$60k,338.20,,13,294,Tournament,1,4.00,https://www.fanduel.com/entry/EPOAFCXPC,
S1191044455,nba,2017/04/02,$250 NBA Mini Swat,$60k,305.40,,90,294,Tournament,1,0,https://www.fanduel.com/entry/AFQPOGKRS,
S1190875364,nba,2017/04/02,$15K Sun NBA Dribbler (Single Entry),$60k,242.20,,15700,17647,Tournament,1,0,https://www.fanduel.com/entry/ETHJTYDVI,
S1190634518,mlb,2017/04/03,$150K Mon MLB Sac Fly ($150K Guaranteed),$35k,131.60,,56734,132782,Tournament,1,0,https://www.fanduel.com/entry/EQPVRNDOS,
S1190551021,nba,2017/04/01,$15K Sat NBA Dribbler (Single Entry),$60k,298.90,,10894,17647,Tournament,1,0,https://www.fanduel.com/entry/AIWBKJPGD,
S1190526187,nba,2017/04/01,$20K Sat NBA Swat (3 Entries Max),$60k,298.90,,14721,23529,Tournament,1,0,https://www.fanduel.com/entry/CXRYGMNFW,
S1190525442,nba,2017/04/01,$20K Sat NBA Swat (3 Entries Max),$60k,309.20,,10780,23529,Tournament,1,0,https://www.fanduel.com/entry/AKZQMOAHG,
S1190525377,nba,2017/04/01,$20K Sat NBA Swat (3 Entries Max),$60k,283.60,,19569,23529,Tournament,1,0,https://www.fanduel.com/entry/EGZOPRNYQ,
S1190253614,nba,2017/03/31,$250 NBA Mini Dribbler (Single Entry),$60k,317.20,,84,294,Tournament,1,0,https://www.fanduel.com/entry/DUDXDLKTK,
S1189972472,nba,2017/03/31,$25K Fri NBA Swat (3 Entries Max),$60k,299.90,,12789,29411,Tournament,1,0,https://www.fanduel.com/entry/AUPXRYVPK,
S1189916844,nba,2017/03/31,$20K Fri NBA Chef's Cut: Cut to the Playoffs (Single Entry),$60k,299.90,,10470,23529,Tournament,1,0,https://www.fanduel.com/entry/CSWVLYCGB,
S1189912943,nba,2017/03/31,$25K Fri NBA Swat (3 Entries Max),$60k,337.10,,1851,29411,Tournament,1,3.00,https://www.fanduel.com/entry/DAXJRZTTD,
S1189663899,nba,2017/03/30,$250 NBA Mini Swat,$60k,307.80,,81,294,Tournament,1,0,https://www.fanduel.com/entry/AMBLRIQCN,
S1189319207,nba,2017/03/30,$22K Thu NBA Chef's Cut: Cut to the Playoffs (Single Entry),$60k,284,,15533,25882,Tournament,1,0,https://www.fanduel.com/entry/EIBKEQXAC,
S1189319188,nba,2017/03/30,$20K Thu NBA Swat (3 Entries Max),$60k,290.80,,11623,23529,Tournament,1,0,https://www.fanduel.com/entry/EUXBWMLDE,
S1189319183,nba,2017/03/30,$20K Thu NBA Swat (3 Entries Max),$60k,320.10,,2455,23529,Tournament,1,2.00,https://www.fanduel.com/entry/BGJUOEKNE,
S1189319150,nba,2017/03/30,$20K Thu NBA Swat (3 Entries Max),$60k,279.40,,15768,23529,Tournament,1,0,https://www.fanduel.com/entry/BWKXEIEAO,
S1189183225,mlb,2017/04/03,$150K Mon MLB Sac Fly ($150K Guaranteed),$35k,205.70,,1619,132782,Tournament,1,8.00,https://www.fanduel.com/entry/FENITSSLS,
S1189152530,mlb,2017/04/03,$150K Mon MLB Sac Fly ($150K Guaranteed),$35k,113.60,,84820,132782,Tournament,1,0,https://www.fanduel.com/entry/EPACRLJBT,
S1188920910,nba,2017/03/29,50/50 Contest ($1 - Top 50% Win) (Main),$60k,252.80,,96,100,Tournament,1,0,https://www.fanduel.com/entry/CMLZXTRDK,
S1188907492,nba,2017/03/29,50/50 Contest ($1 - Top 50% Win) (Main),$60k,252.80,,96,100,Tournament,1,0,https://www.fanduel.com/entry/BQNZARGQE,
S1188907424,nba,2017/03/29,50/50 Contest ($1 - Top 50% Win) (Main),$60k,252.80,,98,100,Tournament,1,0,https://www.fanduel.com/entry/DFEQBSCIM,
S1188907169,nba,2017/03/29,50/50 Contest ($1 - Top 50% Win) (Main),$60k,252.80,,98,100,Tournament,1,0,https://www.fanduel.com/entry/DTCCTLMBS,
S1188663647,nba,2017/03/29,$22K Wed NBA Chef's Cut: Cut to the Playoffs (Single Entry),$60k,306.50,,5830,25194,Tournament,1,0,https://www.fanduel.com/entry/BMGSXZQGM,
S1188663627,nba,2017/03/29,$250 NBA Mini Swat,$60k,252.80,,241,294,Tournament,1,0,https://www.fanduel.com/entry/BUVESSYYA,
S1188663587,nba,2017/03/29,$250 Chef's Cut: Cut to the NBA Playoffs (Single Entry),$60k,262.90,,209,294,Tournament,1,0,https://www.fanduel.com/entry/DCNCLAVSI,
S1188542605,mlb,2017/04/03,MLB tournament,$35k,,,0,,Cancelled,1,0,https://www.fanduel.com/entry/FAGCOAUAS, voided
S1188518144,mlb,2017/04/03,MLB tournament,$35k,,,0,,Cancelled,1,0,https://www.fanduel.com/entry/DFSNRCKFY, voided
S1188425219,nba,2017/03/28,$250 NBA Mini Swat,$60k,306.20,,119,294,Tournament,1,0,https://www.fanduel.com/entry/BBASZYXRG,
S1188068937,nba,2017/03/28,$25K Tue NBA Swat (3 Entries Max),$60k,316.30,,6859,29411,Tournament,1,0,https://www.fanduel.com/entry/CSWVTRLFD,
S1188068931,nba,2017/03/28,$25K Tue NBA Swat (3 Entries Max),$60k,292.30,,16032,29411,Tournament,1,0,https://www.fanduel.com/entry/AKLTRYJND,
S1188068928,nba,2017/03/28,$25K Tue NBA Swat (3 Entries Max),$60k,342.50,,1230,29411,Tournament,1,3.00,https://www.fanduel.com/entry/CHQWNOUYJ,
S1188043338,nba,2017/03/28,$20K Tue NBA Chef's Cut: Cut to the Playoffs (Single Entry),$60k,301.90,,9749,23529,Tournament,1,0,https://www.fanduel.com/entry/CHCYERKHE,
S1187442903,nba,2017/03/27,$20K Mon NBA Chef's Cut: Cut to the Playoffs (Single Entry),$60k,278.80,,12432,23529,Tournament,1,0,https://www.fanduel.com/entry/CXEBAVTOT,
S1187442889,nba,2017/03/27,$25K Mon NBA Swat (3 Entries Max),$60k,285.60,,12794,29411,Tournament,1,0,https://www.fanduel.com/entry/DZMXWLBEP,
S1187442851,nba,2017/03/27,$25K Mon NBA Swat (3 Entries Max),$60k,296.10,,9150,29411,Tournament,1,0,https://www.fanduel.com/entry/ALNNWQJAP,
S1186198137,nba,2017/03/24,50/50 Contest ($1 - Top 50% Win) (Main),$60k,222.90,,98,100,Tournament,1,0,https://www.fanduel.com/entry/BVWZEPJVQ,
S1186197919,nba,2017/03/24,50/50 Contest ($1 - Top 50% Win) (Main),$60k,222.90,,95,100,Tournament,1,0,https://www.fanduel.com/entry/AEAXBFYFU,
S1186038682,nba,2017/03/24,50/50 Contest ($1 - Top 50% Win) (Main),$60k,222.90,,98,100,Tournament,1,0,https://www.fanduel.com/entry/DKNQRCNGY,
S1186038591,nba,2017/03/24,50/50 Contest ($1 - Top 50% Win) (Main),$60k,222.90,,97,100,Tournament,1,0,https://www.fanduel.com/entry/DXXFVWZFC,
S1186038491,nba,2017/03/24,50/50 Contest ($1 - Top 50% Win) (Main),$60k,222.90,,95,100,Tournament,1,0,https://www.fanduel.com/entry/DZMYHXIYQ,
S1185885928,nba,2017/03/24,$20K Fri NBA Chef's Cut: Cut to the Playoffs (Single Entry),$60k,282.20,,12694,23529,Tournament,1,0,https://www.fanduel.com/entry/BJBGZDPTZ,
S1185885862,nba,2017/03/24,$25K Fri NBA Swat (3 Entries Max),$60k,287,,14554,29411,Tournament,1,0,https://www.fanduel.com/entry/BOYFINQWH,
S1185885836,nba,2017/03/24,$25K Fri NBA Swat (3 Entries Max),$60k,314.20,,7099,29411,Tournament,1,0,https://www.fanduel.com/entry/AYJFFWEJR,
S1185885562,nba,2017/03/24,$25K Fri NBA Swat (3 Entries Max),$60k,265,,21139,29411,Tournament,1,0,https://www.fanduel.com/entry/FBVUFCTPZ,
S1185332447,nba,2017/03/23,$20K Thu NBA Swat (3 Entries Max),$60k,260.50,,11544,23529,Tournament,1,0,https://www.fanduel.com/entry/BOKIQUPEP,
S1185332440,nba,2017/03/23,$20K Thu NBA Swat (3 Entries Max),$60k,273.90,,7071,23529,Tournament,1,0,https://www.fanduel.com/entry/BBOQYVICX,
S1185332410,nba,2017/03/23,$22K Thu NBA Chef's Cut: Cut to the Playoffs (Single Entry),$60k,273.90,,7928,25882,Tournament,1,0,https://www.fanduel.com/entry/CDJQHTDUX,
S1185093248,nba,2017/03/22,$1K Wed NBA Chef's Cut: Cut to the Playoffs (Single Entry),$60k,277.70,,317,1176,Tournament,1,0,https://www.fanduel.com/entry/AEAXAFVQD,
S1184802398,nba,2017/03/22,50/50 Contest ($1 - Top 50% Win) (Main),$60k,253.80,,82,100,Tournament,1,0,https://www.fanduel.com/entry/EPOASWWKP,
S1184802276,nba,2017/03/22,50/50 Contest ($1 - Top 50% Win) (Main),$60k,253.80,,77,100,Tournament,1,0,https://www.fanduel.com/entry/CASCVGARB,
S1184802199,nba,2017/03/22,50/50 Contest ($1 - Top 50% Win) (Main),$60k,253.80,,77,100,Tournament,1,0,https://www.fanduel.com/entry/CTYQIZIVR,
S1184727590,nba,2017/03/22,50/50 Contest ($1 - Top 50% Win) (Main),$60k,253.80,,66,100,Tournament,1,0,https://www.fanduel.com/entry/AIIDOGAPO,
S1184727569,nba,2017/03/22,50/50 Contest ($1 - Top 50% Win) (Main),$60k,253.80,,75,100,Tournament,1,0,https://www.fanduel.com/entry/AIWBAXMNK,
S1184727500,nba,2017/03/22,50/50 Contest ($1 - Top 50% Win) (Main),$60k,253.80,,68,100,Tournament,1,0,https://www.fanduel.com/entry/BTFMJPEAM,
S1184726662,nba,2017/03/22,$22K Wed NBA Chef's Cut: Cut to the Playoffs (Single Entry),$60k,289.80,,2492,25882,Tournament,1,2.00,https://www.fanduel.com/entry/CISRNIXNG,
S1184726607,nba,2017/03/22,$25K Wed NBA Swat (3 Entries Max),$60k,321.50,,284,29411,Tournament,1,8.00,https://www.fanduel.com/entry/DGUILVZRO,
S1184726569,nba,2017/03/22,$25K Wed NBA Swat (3 Entries Max),$60k,258.10,,12938,29411,Tournament,1,0,https://www.fanduel.com/entry/BQNYYNIIM,
S1184275564,nba,2017/03/21,$25K Tue NBA Swat (3 Entries Max),$60k,282.20,,10152,29411,Tournament,1,0,https://www.fanduel.com/entry/FAUAEWJHZ,
S1184234613,nba,2017/03/21,50/50 Contest ($1 - Top 50% Win) (Main),$60k,282.20,,28,100,Tournament,1,1.80,https://www.fanduel.com/entry/EGLRDOZPC,
S1184234401,nba,2017/03/21,50/50 Contest ($1 - Top 50% Win) (Main),$60k,282.20,,29,100,Tournament,1,1.80,https://www.fanduel.com/entry/EUJDVMCGY,
S1184234310,nba,2017/03/21,50/50 Contest ($1 - Top 50% Win) (Main),$60k,282.20,,26,100,Tournament,1,1.80,https://www.fanduel.com/entry/BGXRMMZMQ,
S1184233626,nba,2017/03/21,NBA tournament,$60k,,,0,,Cancelled,1,0,https://www.fanduel.com/entry/DXXFJSAPG, voided
S1184172323,nba,2017/03/21,50/50 Contest ($1 - Top 50% Win) (Main),$60k,282.20,,32,100,Tournament,1,1.80,https://www.fanduel.com/entry/CVAKUGVSV,
S1184172176,nba,2017/03/21,50/50 Contest ($1 - Top 50% Win) (Main),$60k,282.20,,29,100,Tournament,1,1.80,https://www.fanduel.com/entry/ERRQDRACB,
S1184168114,nba,2017/03/21,50/50 Contest ($1 - Top 50% Win) (Main),$60k,282.20,,23,100,Tournament,1,1.80,https://www.fanduel.com/entry/DGGKHGLLD,
S1184035778,nba,2017/03/21,$20K Tue NBA Dribbler (Single Entry),$60k,267.40,,12461,23529,Tournament,1,0,https://www.fanduel.com/entry/CLKEDTUXB,
S1184035767,nba,2017/03/21,$25K Tue NBA Swat (3 Entries Max),$60k,256.40,,19533,29411,Tournament,1,0,https://www.fanduel.com/entry/BZCKCQDFB,
S1184035733,nba,2017/03/21,$25K Tue NBA Swat (3 Entries Max),$60k,267.40,,15428,29411,Tournament,1,0,https://www.fanduel.com/entry/DPITPRIQX,
S1183669006,nba,2017/03/20,50/50 Contest ($1 - Top 50% Win) (Main),$60k,301.30,,18,100,Tournament,1,1.80,https://www.fanduel.com/entry/BYONMAXCE,
S1183668937,nba,2017/03/20,50/50 Contest ($1 - Top 50% Win) (Main),$60k,301.30,,19,100,Tournament,1,1.80,https://www.fanduel.com/entry/FGQYYDRTK,
S1183668671,nba,2017/03/20,50/50 Contest ($1 - Top 50% Win) (Main),$60k,301.30,,15,100,Tournament,1,1.80,https://www.fanduel.com/entry/EJDFNELEQ,
S1183446260,nba,2017/03/20,$25K Mon NBA Dribbler (Single Entry),$60k,278.40,,13544,29411,Tournament,1,0,https://www.fanduel.com/entry/BWYUDUOPC,
S1183446217,nba,2017/03/20,$25K Mon NBA Swat (3 Entries Max),$60k,306.70,,4453,29411,Tournament,1,2.00,https://www.fanduel.com/entry/APUTYEDSQ,
S1183446190,nba,2017/03/20,$25K Mon NBA Swat (3 Entries Max),$60k,278.40,,13279,29411,Tournament,1,0,https://www.fanduel.com/entry/FGQYCBLYM,
S1183003692,nba,2017/03/19,50/50 Contest ($1 - Top 50% Win) (Main),$60k,230.80,,93,100,Tournament,1,0,https://www.fanduel.com/entry/FFBFGSSRN,
S1183003539,nba,2017/03/19,50/50 Contest ($1 - Top 50% Win) (Main),$60k,230.80,,97,100,Tournament,1,0,https://www.fanduel.com/entry/EDGFXUWZN,
S1183003388,nba,2017/03/19,50/50 Contest ($1 - Top 50% Win) (Main),$60k,230.80,,94,100,Tournament,1,0,https://www.fanduel.com/entry/AWTMTOIPZ,
S1182914723,nba,2017/03/19,$20K Sun NBA Dribbler (Single Entry),$60k,288.20,,2805,23529,Tournament,1,2.00,https://www.fanduel.com/entry/DOUWGWOIA,
S1182914680,nba,2017/03/19,$20K Sun NBA Swat (3 Entries Max),$60k,230.80,,21098,23529,Tournament,1,0,https://www.fanduel.com/entry/BPMDMSAEA,
S1182914562,nba,2017/03/19,$20K Sun NBA Swat (3 Entries Max),$60k,288.20,,2667,23529,Tournament,1,2.00,https://www.fanduel.com/entry/ANREDXXKQ,
S1182654741,nba,2017/03/18,$25K Sat NBA Swat (3 Entries Max),$60k,270.80,,1853,29411,Tournament,1,3.00,https://www.fanduel.com/entry/AMBLQINGU,
S1182354739,nba,2017/03/18,50/50 Contest ($1 - Top 50% Win) (Main),$60k,258.90,,13,100,Tournament,1,1.80,https://www.fanduel.com/entry/AIIDWKOPS,
S1182354694,nba,2017/03/18,50/50 Contest ($1 - Top 50% Win) (Main),$60k,258.90,,15,100,Tournament,1,1.80,https://www.fanduel.com/entry/BNWLPWWUA,
S1182348156,nba,2017/03/18,50/50 Contest ($1 - Top 50% Win) (Main),$60k,258.90,,12,100,Tournament,1,1.80,https://www.fanduel.com/entry/FGQXSTCLD,
S1182189733,nba,2017/03/18,$25K Sat NBA Swat (3 Entries Max),$60k,283.50,,589,29411,Tournament,1,5.00,https://www.fanduel.com/entry/BMGSMCDQH,
S1182189720,nba,2017/03/18,$20K Sat NBA Dribbler (Single Entry),$60k,283.50,,438,20758,Tournament,1,5.00,https://www.fanduel.com/entry/EIBJSTKFB,
S1182189706,nba,2017/03/18,$25K Sat NBA Swat (3 Entries Max),$60k,258.90,,4211,29411,Tournament,1,2.00,https://www.fanduel.com/entry/CYFWBTRTJ,
S1181851723,nba,2017/03/17,50/50 Contest ($1 - Top 50% Win) (Main),$60k,305.10,,26,100,Tournament,1,1.80,https://www.fanduel.com/entry/BZCKOVBSI,
S1181851520,nba,2017/03/17,50/50 Contest ($1 - Top 50% Win) (Main),$60k,305.10,,28,100,Tournament,1,1.80,https://www.fanduel.com/entry/EXOPGVPWI,
S1181758002,nba,2017/03/17,50/50 Contest ($1 - Top 50% Win) (Main),$60k,305.10,,16,100,Tournament,1,1.80,https://www.fanduel.com/entry/DTCBMTIEK,
S1181757958,nba,2017/03/17,50/50 Contest ($1 - Top 50% Win) (Main),$60k,305.10,,25,100,Tournament,1,1.80,https://www.fanduel.com/entry/BSRNTFWES,
S1181757460,nba,2017/03/17,50/50 Contest ($1 - Top 50% Win) (Main),$60k,305.10,,24,100,Tournament,1,1.80,https://www.fanduel.com/entry/DDOWJOMMC,
S1181587830,nba,2017/03/17,$20K Fri NBA Dribbler (Single Entry),$60k,313.90,,1323,23529,Tournament,1,3.00,https://www.fanduel.com/entry/EYCMUNEKY,
S1181587816,nba,2017/03/17,$25K Fri NBA Swat (3 Entries Max),$60k,305.10,,3052,29411,Tournament,1,2.00,https://www.fanduel.com/entry/APGWYRSYU,
S1181587778,nba,2017/03/17,$25K Fri NBA Swat (3 Entries Max),$60k,313.90,,1602,29411,Tournament,1,3.00,https://www.fanduel.com/entry/CCVTANJUA,
S1181381409,nba,2017/03/16,50/50 Contest ($1 - Top 50% Win) (Main),$60k,275.50,,48,100,Tournament,1,1.80,https://www.fanduel.com/entry/DSOFBTMZV,
S1181379853,nba,2017/03/16,$250 NBA Mini Dribbler (Single Entry),$60k,297.90,,35,294,Tournament,1,2.50,https://www.fanduel.com/entry/FFBGEYWSL,
S1181354704,nba,2017/03/16,50/50 Contest ($1 - Top 50% Win) (Main),$60k,275.50,,44,100,Tournament,1,1.80,https://www.fanduel.com/entry/BFVWGZSZW,
S1181354593,nba,2017/03/16,50/50 Contest ($1 - Top 50% Win) (Main),$60k,275.50,,41,100,Tournament,1,1.80,https://www.fanduel.com/entry/DOGYILIUQ,
S1181354520,nba,2017/03/16,50/50 Contest ($1 - Top 50% Win) (Main),$60k,275.50,,44,100,Tournament,1,1.80,https://www.fanduel.com/entry/DECUBRQJO,
S1181354241,nba,2017/03/16,50/50 Contest ($1 - Top 50% Win) (Main),$60k,275.50,,43,100,Tournament,1,1.80,https://www.fanduel.com/entry/EXARAJPHW,
S1181100469,nba,2017/03/16,$22K Thu NBA Dribbler (Single Entry),$60k,243.60,,20017,25882,Tournament,1,0,https://www.fanduel.com/entry/DFSMJCRVW,
S1181100361,nba,2017/03/16,$25K Thu NBA Swat (3 Entries Max),$60k,243.60,,22399,29411,Tournament,1,0,https://www.fanduel.com/entry/AEAWTMPAQ,
S1180573395,nba,2017/03/15,50/50 Contest ($1 - Top 50% Win) (Main),$60k,324.70,,3,100,Tournament,1,1.80,https://www.fanduel.com/entry/DWVKFBDQA,
S1180573323,nba,2017/03/15,50/50 Contest ($1 - Top 50% Win) (Main),$60k,324.70,,1,100,Tournament,1,1.80,https://www.fanduel.com/entry/DCNBRNSTW,
S1180573053,nba,2017/03/15,$25K Wed NBA Swat (3 Entries Max),$60k,300.70,,3400,29411,Tournament,1,2.00,https://www.fanduel.com/entry/BQAAPAZUI,
S1180563203,nba,2017/03/15,50/50 Contest ($1 - Top 50% Win) (Main),$60k,324.70,,5,100,Tournament,1,1.80,https://www.fanduel.com/entry/BTFLSUXEA,
S1180563159,nba,2017/03/15,50/50 Contest ($1 - Top 50% Win) (Main),$60k,324.70,,6,100,Tournament,1,1.80,https://www.fanduel.com/entry/EUXBIZXTS,
S1180561543,nba,2017/03/15,50/50 Contest ($1 - Top 50% Win) (Main),$60k,324.70,,3,100,Tournament,1,1.80,https://www.fanduel.com/entry/BHZMJKNDC,
S1180558148,nba,2017/03/15,$20K Wed NBA Dribbler (Single Entry),$60k,314.70,,1293,23529,Tournament,1,3.00,https://www.fanduel.com/entry/FCXPTYJLS,
S1180557697,nba,2017/03/15,$25K Wed NBA Swat (3 Entries Max),$60k,314.70,,1588,29411,Tournament,1,3.00,https://www.fanduel.com/entry/CLYBXLZCE,
S1180149161,nba,2017/03/14,$250 NBA Mini Dribbler (Single Entry),$60k,288.10,,13,294,Tournament,1,4.00,https://www.fanduel.com/entry/EKSXOHKWG,
S1180146828,nba,2017/03/14,$20K Tue NBA Dribbler (Single Entry),$60k,255.80,,8115,23529,Tournament,1,0,https://www.fanduel.com/entry/BWYUQVWQC,
S1180003363,nba,2017/03/14,50/50 Contest ($1 - Top 50% Win) (Main),$60k,286.70,,4,100,Tournament,1,1.80,https://www.fanduel.com/entry/CKIJXXZSM,
S1180003153,nba,2017/03/14,50/50 Contest ($1 - Top 50% Win) (Main),$60k,286.70,,6,100,Tournament,1,1.80,https://www.fanduel.com/entry/DQYMQWYRC,
S1180002971,nba,2017/03/14,50/50 Contest ($1 - Top 50% Win) (Main),$60k,286.70,,2,100,Tournament,1,1.80,https://www.fanduel.com/entry/DGGKXLUIE,
S1179958795,nba,2017/03/14,50/50 Contest ($1 - Top 50% Win) (Main),$60k,286.70,,3,100,Tournament,1,1.80,https://www.fanduel.com/entry/EQPVTNIND,
S1179904363,nba,2017/03/14,$25K Tue NBA Swat (3 Entries Max),$60k,255.80,,9977,29411,Tournament,1,0,https://www.fanduel.com/entry/BKQZVQEKK,
S1179902738,nba,2017/03/14,$25K Tue NBA Swat (3 Entries Max),$60k,251.80,,11705,29411,Tournament,1,0,https://www.fanduel.com/entry/CDJQCLENU,
S1179901827,nba,2017/03/14,$25K Tue NBA Swat (3 Entries Max),$60k,288.10,,1436,29411,Tournament,1,3.00,https://www.fanduel.com/entry/BZQHSLPVY,
S1179380400,nba,2017/03/13,50/50 Contest ($1 - Top 50% Win) (Main),$60k,296.30,,39,100,Tournament,1,1.80,https://www.fanduel.com/entry/BDSGMXFMS,
S1179377356,nba,2017/03/13,$250 NBA Mini Dribbler (Single Entry),$60k,296.30,,91,294,Tournament,1,0,https://www.fanduel.com/entry/BOYFYWSOS,
S1179377123,nba,2017/03/13,$25K Mon NBA Swat (3 Entries Max),$60k,281.20,,13975,29411,Tournament,1,0,https://www.fanduel.com/entry/AIWASWRLE,
S1179376905,nba,2017/03/13,50/50 Contest ($1 - Top 50% Win) (Main),$60k,296.30,,29,100,Tournament,1,1.80,https://www.fanduel.com/entry/DUDXDSWIO,
S1179376835,nba,2017/03/13,50/50 Contest ($1 - Top 50% Win) (Main),$60k,296.30,,34,100,Tournament,1,1.80,https://www.fanduel.com/entry/DYLDBCNRI,
S1179376756,nba,2017/03/13,50/50 Contest ($1 - Top 50% Win) (Main),$60k,296.30,,30,100,Tournament,1,1.80,https://www.fanduel.com/entry/AYJFWQKXY,
S1179368693,nba,2017/03/13,$25K Mon NBA Dribbler (Single Entry),$60k,281.20,,13773,28138,Tournament,1,0,https://www.fanduel.com/entry/EWMUDQAIW,
S1178854849,nba,2017/03/12,$20K Sun NBA Swat (3 Entries Max),$60k,284,,11211,23529,Tournament,1,0,https://www.fanduel.com/entry/EUJDZMMSK,
S1178643471,nba,2017/03/12,50/50 Contest ($1 - Top 50% Win) (Main),$60k,284,,62,100,Tournament,1,0,https://www.fanduel.com/entry/DMDIXREVP,
S1178643419,nba,2017/03/12,50/50 Contest ($1 - Top 50% Win) (Main),$60k,284,,68,100,Tournament,1,0,https://www.fanduel.com/entry/AEOUYNHZL,
S1178643241,nba,2017/03/12,50/50 Contest ($1 - Top 50% Win) (Main),$60k,284,,60,100,Tournament,1,0,https://www.fanduel.com/entry/AAHPAZXSB,
S1178540561,nba,2017/03/12,50/50 Contest ($1 - Top 50% Win) (Main),$60k,284,,65,100,Tournament,1,0,https://www.fanduel.com/entry/EYCMCDXCT,
S1178540495,nba,2017/03/12,50/50 Contest ($1 - Top 50% Win) (Main),$60k,284,,68,100,Tournament,1,0,https://www.fanduel.com/entry/BSROBKKAT,
S1178540372,nba,2017/03/12,50/50 Contest ($1 - Top 50% Win) (Main),$60k,284,,67,100,Tournament,1,0,https://www.fanduel.com/entry/BGXRIMOXN,
S1178538363,nba,2017/03/12,$20K Sun NBA Swat (3 Entries Max),$60k,302.50,,4676,23529,Tournament,1,0,https://www.fanduel.com/entry/FDLMVSLLR,
S1178538266,nba,2017/03/12,$25K Sun NBA Dribbler (Single Entry),$60k,302.50,,5815,29411,Tournament,1,2.00,https://www.fanduel.com/entry/FDZKHYSNR,
S1177967058,nba,2017/03/11,50/50 Contest ($1 - Top 50% Win) (Main),$60k,305.60,,29,100,Tournament,1,1.80,https://www.fanduel.com/entry/ACLFPTJKT,
S1177966763,nba,2017/03/11,50/50 Contest ($1 - Top 50% Win) (Main),$60k,305.60,,32,100,Tournament,1,1.80,https://www.fanduel.com/entry/DXXGHBUVZ,
S1177966108,nba,2017/03/11,50/50 Contest ($1 - Top 50% Win) (Main),$60k,305.60,,25,100,Tournament,1,1.80,https://www.fanduel.com/entry/BVXABKGED,
S1177964538,nba,2017/03/11,$25K Sat NBA Swat (3 Entries Max),$60k,289.50,,7845,29411,Tournament,1,0,https://www.fanduel.com/entry/AAHPOBFWL,
S1177964335,nba,2017/03/11,$25K Sat NBA Dribbler (Single Entry - All Day Dribbler Series),$60k,289.50,,7004,25421,Tournament,1,0,https://www.fanduel.com/entry/CGPBRCLXB,
S1177281070,nba,2017/03/10,50/50 Contest ($1 - Top 50% Win) (Main),$60k,267.70,,21,100,Tournament,1,1.80,https://www.fanduel.com/entry/ANRECUBUK,
S1177276397,nba,2017/03/10,50/50 Contest ($1 - Top 50% Win) (Main),$60k,267.70,,26,100,Tournament,1,1.80,https://www.fanduel.com/entry/CYFWBIMVU,
S1177276315,nba,2017/03/10,50/50 Contest ($1 - Top 50% Win) (Main),$60k,267.70,,26,100,Tournament,1,1.80,https://www.fanduel.com/entry/CZHRARKRM,
S1177275994,nba,2017/03/10,50/50 Contest ($1 - Top 50% Win) (Main),$60k,267.70,,24,100,Tournament,1,1.80,https://www.fanduel.com/entry/BQNYJIBYS,
S1177154163,nba,2017/03/10,$25K Fri NBA Dribbler (Single Entry),$60k,237,,22815,29411,Tournament,1,0,https://www.fanduel.com/entry/BKQZUMIWU,
S1177154119,nba,2017/03/10,$25K Fri NBA Swat (3 Entries Max),$60k,241.70,,20763,29411,Tournament,1,0,https://www.fanduel.com/entry/BTFLPFROI,
S1177154108,nba,2017/03/10,$25K Fri NBA Swat (3 Entries Max),$60k,247.90,,17991,29411,Tournament,1,0,https://www.fanduel.com/entry/AIWALKUGE,
S1177154080,nba,2017/03/10,$25K Fri NBA Swat (3 Entries Max),$60k,237,,22673,29411,Tournament,1,0,https://www.fanduel.com/entry/BYAOZGUUY,
S1176799549,nba,2017/03/09,$250 NBA Mini Dribbler (Single Entry),$60k,321.90,,47,294,Tournament,1,2.50,https://www.fanduel.com/entry/APUUJMSMN,
S1176664617,nba,2017/03/09,50/50 Contest ($1 - Top 50% Win) (Main),$60k,305.80,,29,100,Tournament,1,1.80,https://www.fanduel.com/entry/DJLVYBQYH,
S1176652908,nba,2017/03/09,$100 NBA Contest (200 FDP to enter),$60k,255.40,,6062,8569,Tournament,1,0,https://www.fanduel.com/entry/AGSLKVJQT,
S1176441818,nba,2017/03/09,$25K Thu NBA Dribbler (Single Entry),$60k,290,,11310,29411,Tournament,1,0,https://www.fanduel.com/entry/ANDGDXRKL,
S1176441810,nba,2017/03/09,$25K Thu NBA Swat (3 Entries Max),$60k,307,,6942,29411,Tournament,1,0,https://www.fanduel.com/entry/DSAGRZSOP,
S1176441808,nba,2017/03/09,$25K Thu NBA Swat (3 Entries Max),$60k,290,,11582,29411,Tournament,1,0,https://www.fanduel.com/entry/BKDCDBVTB,
S1176441789,nba,2017/03/09,$25K Thu NBA Swat (3 Entries Max),$60k,305.80,,7247,29411,Tournament,1,0,https://www.fanduel.com/entry/CBTXEYNCT,
S1176333625,nba,2017/03/08,$10K Wed NBA Courtesy Free Play ($10K Guaranteed),$60k,275.80,,5653,14604,Tournament,0,0,https://www.fanduel.com/entry/AJXUSZIXG,
S1176238822,nba,2017/03/08,Tee Off Classic Qualifier #7 (Top 100 win tickets to Tee Off Classic Finals),$60k,275.80,,14511,37148,Tournament,0,0,https://www.fanduel.com/entry/ASMFYREEG,
S1176106612,nba,2017/03/08,NBA $1 50/50 Contest (Beginners Only) (Main),$60k,275.80,,7,20,Tournament,1,1.80,https://www.fanduel.com/entry/DJZRIGFHG,
S1176003733,nba,2017/03/08,NBA $1 50/50 Contest (Beginners Only) (Main),$60k,275.80,,14,20,Tournament,1,0,https://www.fanduel.com/entry/ANDFXTIXD,
S1175999772,nba,2017/03/08,$15K Wed NBA Swat (3 Entries Max),$60k,315.80,,1238,17647,Tournament,1,2.50,https://www.fanduel.com/entry/EOMEVAIRX,
S1175992275,nba,2017/03/08,NBA $1 50/50 Contest (Beginners Only) (Main),$60k,275.80,,12,20,Tournament,1,0,https://www.fanduel.com/entry/BINIFMODM,
S1175981051,nba,2017/03/08,$50 NBA Contest (100 FDP to enter),$60k,272.40,,1918,4461,Tournament,1,0,https://www.fanduel.com/entry/EHNKMBANI,
S1175974809,nba,2017/03/08,$250 NBA Mini Dribbler (Single Entry),$60k,315.80,,26,294,Tournament,1,3.00,https://www.fanduel.com/entry/ECSHFHRAW,
S1175817445,nba,2017/03/08,$25K Wed NBA Dribbler (Single Entry),$60k,275.80,,12005,29411,Tournament,1,0,https://www.fanduel.com/entry/CELJZGCGI,
S1175817255,nba,2017/03/08,$15K Wed NBA Swat (3 Entries Max),$60k,275.80,,6974,17647,Tournament,1,0,https://www.fanduel.com/entry/CUMMPRHQY,
S1175427789,nba,2017/03/07,$250 NBA Mini Dribbler (Single Entry),$60k,286.90,,132,294,Tournament,1,0,https://www.fanduel.com/entry/CDXMPDTJM,
S1175427061,nba,2017/03/07,$25K Tue NBA Dribbler (Single Entry),$60k,261.90,,21723,29411,Tournament,1,0,https://www.fanduel.com/entry/ARKLNJRDA,
S1174479007,nba,2017/03/06,$250 NBA Mini Dribbler (Single Entry),$60k,227.20,,228,294,Tournament,1,0,https://www.fanduel.com/entry/DLPJOCGJH,
S1174478970,nba,2017/03/06,$25K Mon NBA Dribbler (Single Entry),$60k,275.50,,9044,29411,Tournament,1,0,https://www.fanduel.com/entry/DPWPLLXSB,
S1174478940,nba,2017/03/06,$25K Mon NBA Swat (3 Entries Max),$60k,300.10,,2773,29411,Tournament,1,2.50,https://www.fanduel.com/entry/DYLBGFGJP,
S1174478933,nba,2017/03/06,$25K Mon NBA Swat (3 Entries Max),$60k,296.80,,3464,29411,Tournament,1,2.00,https://www.fanduel.com/entry/BWKVAVDOZ,
S1174478916,nba,2017/03/06,$25K Mon NBA Swat (3 Entries Max),$60k,275.50,,8850,29411,Tournament,1,0,https://www.fanduel.com/entry/ETVETJAYR,
S1174240860,nba,2017/03/05,NBA Mini Swat (Beginners Only),$60k,263.40,,153,220,Tournament,1,0,https://www.fanduel.com/entry/AGSJXNSMM,
S1174224838,nba,2017/03/05,NBA Mini Swat (Beginners Only),$60k,296.60,,60,220,Tournament,1,2.00,https://www.fanduel.com/entry/CRHAWKSBT,
S1174093881,nba,2017/03/05,NBA Mini Swat (Beginners Only),$60k,282.30,,80,220,Tournament,1,0,https://www.fanduel.com/entry/CTYOHTZRB,
S1174082724,nba,2017/03/05,NBA Mini Swat (Beginners Only),$60k,273.90,,105,220,Tournament,1,0,https://www.fanduel.com/entry/AWFOAXJUD,
S1174076628,nba,2017/03/05,$250 NBA Mini Dribbler (Single Entry),$60k,316.70,,27,294,Tournament,1,2.50,https://www.fanduel.com/entry/DHWBIOHBB,
S1174069624,nba,2017/03/05,$2K NBA Mini Swat (Experienced Players Excluded),$60k,312.60,,194,2352,Tournament,1,3.00,https://www.fanduel.com/entry/AIIBVFFOP,
S1174069602,nba,2017/03/05,NBA tournament,$60k,,,0,,Cancelled,1,0,https://www.fanduel.com/entry/ALNMTFZBR, voided
S1174069571,nba,2017/03/05,NBA tournament,$60k,,,0,,Cancelled,1,0,https://www.fanduel.com/entry/FGQWUJFRR, voided
S1174069523,nba,2017/03/05,NBA tournament,$60k,,,0,,Cancelled,1,0,https://www.fanduel.com/entry/EDUCMGFCP, voided
S1174068779,nba,2017/03/05,$25K Sun NBA Dribbler (Single Entry),$60k,273.90,,17486,28536,Tournament,1,0,https://www.fanduel.com/entry/CLYANTNRR,
S1173660876,nba,2017/03/04,$250 NBA Mini Dribbler (Single Entry),$60k,232.30,,269,294,Tournament,1,0,https://www.fanduel.com/entry/EIBISBWHX,
S1173283194,nba,2017/03/04,$25K Sat NBA Dribbler (Single Entry),$60k,346.70,,23,27768,Tournament,1,50.00,https://www.fanduel.com/entry/EYQIMHIYD,
S1173246974,nba,2017/03/04,NBA 50/50 Contest ($1_ Experienced Players Excluded) (Main),$60k,223.50,,18,20,Tournament,1,0,https://www.fanduel.com/entry/DKNPNVWFZ,
S1173230092,nba,2017/03/04,$250 NBA Mini Dribbler (Single Entry),$60k,286,,81,294,Tournament,1,0,https://www.fanduel.com/entry/AQIPRUUPO,
S1172788081,nba,2017/03/03,$250 NBA Mini Dribbler (Single Entry),$60k,343.30,,4,294,Tournament,1,10.00,https://www.fanduel.com/entry/DKNPODIDM,
S1172724983,nba,2017/03/03,$250 NBA Mini Dribbler (Single Entry),$60k,276.30,,194,294,Tournament,1,0,https://www.fanduel.com/entry/DGGJTXRQH,
S1172709022,nba,2017/03/03,NBA 50/50 Contest ($1_ Beginners Only) (Main),$60k,308.70,,3,20,Tournament,1,1.80,https://www.fanduel.com/entry/EDUCDFHMQ,
S1172708958,nba,2017/03/03,NBA 50/50 Contest ($1_ Beginners Only) (Main),$60k,308.70,,1,20,Tournament,1,1.80,https://www.fanduel.com/entry/AUBYFNHXS,
S1172573398,nba,2017/03/03,$25K Fri NBA Dribbler (Single Entry),$60k,308.70,,6807,29411,Tournament,1,0,https://www.fanduel.com/entry/ATOAQVQTI,
S1172573172,nba,2017/03/03,$25K Fri NBA Swat (3 Entries Max),$60k,335.70,,1265,29411,Tournament,1,3.00,https://www.fanduel.com/entry/FENGLFEYG,
S1172573150,nba,2017/03/03,$25K Fri NBA Swat (3 Entries Max),$60k,329.60,,1989,29411,Tournament,1,2.86,https://www.fanduel.com/entry/CBFYJDNNQ,
S1172573043,nba,2017/03/03,$25K Fri NBA Swat (3 Entries Max),$60k,308.70,,6843,29411,Tournament,1,0,https://www.fanduel.com/entry/BPMBQFSKK,
S1171980485,nba,2017/03/02,$25K Thu NBA Swat (3 Entries Max),$60k,285.60,,3516,29411,Tournament,1,2.00,https://www.fanduel.com/entry/BAMUFWRDV,
S1171979918,nba,2017/03/02,$25K Thu NBA Swat (3 Entries Max),$60k,275.40,,6378,29411,Tournament,1,0,https://www.fanduel.com/entry/FAGATZWDJ,
S1171975061,nba,2017/03/02,$25K Thu NBA Swat (3 Entries Max),$60k,283.70,,4013,29411,Tournament,1,2.00,https://www.fanduel.com/entry/FAGASHCTZ,
S1171971095,nba,2017/03/02,$25K Thu NBA Dribbler (Single Entry),$60k,285.60,,3789,29411,Tournament,1,2.00,https://www.fanduel.com/entry/CWQCHMDUD,
S1171478690,nba,2017/03/01,$22K Wed NBA Block (Single Entry),$60k,239.90,,5518,12941,Tournament,2,0,https://www.fanduel.com/entry/DYLCIWZPU,
S1171468515,nba,2017/03/01,NBA tournament,$60k,,,0,,Cancelled,1,0,https://www.fanduel.com/entry/FGCYRQDPN, voided
S1171468490,nba,2017/03/01,NBA tournament,$60k,,,0,,Cancelled,1,0,https://www.fanduel.com/entry/AEOSVAHTV, voided
S1171467721,nba,2017/03/01,NBA tournament,$60k,,,0,,Cancelled,1,0,https://www.fanduel.com/entry/DVTNORPZB, voided
S1171463590,nba,2017/03/01,Tee Off Classic Qualifier #6 (Top 100 win tickets to Tee Off Classic Finals),$60k,251.80,,9670,42005,Tournament,0,0,https://www.fanduel.com/entry/EJRAMWUHZ,
S1171447374,nba,2017/03/01,$250 NBA Mini Dribbler (Single Entry),$60k,236.30,,129,294,Tournament,1,0,https://www.fanduel.com/entry/DAXIEDEKD,
S1171438249,nba,2017/03/01,$25K Wed NBA Dribbler (Single Entry),$60k,258.30,,4295,29411,Tournament,1,2.00,https://www.fanduel.com/entry/EUXAHMAEX,
S1170944926,nba,2017/02/28,NBA 50/50 Contest ($1_ Beginners Only) (Main),$60k,297.30,,5,20,Tournament,1,1.80,https://www.fanduel.com/entry/DGUFXAKPZ,
S1170755072,nba,2017/02/28,$25K Tue NBA Swat (3 Entries Max),$60k,306.80,,5384,29411,Tournament,1,2.00,https://www.fanduel.com/entry/EIBJACREV,
S1170720644,nba,2017/02/28,$25K Tue NBA Swat (3 Entries Max),$60k,283.30,,11949,29411,Tournament,1,0,https://www.fanduel.com/entry/EEHZYBHFM,
S1170713734,nba,2017/02/28,$25K Tue NBA Dribbler (Single Entry),$60k,306.80,,5907,29411,Tournament,1,2.00,https://www.fanduel.com/entry/DRMIJYRSK,
S1170273414,nba,2017/02/27,$250 NBA Mini Dribbler (Single Entry),$60k,286.90,,17,294,Tournament,1,3.00,https://www.fanduel.com/entry/DTCALMWJH,
S1036780983,nfl,2016/10/09,Week 5 Free Play Contest,$60k,8,,1352,31092,Tournament,0,0,https://www.fanduel.com/entry/EMKSSRGQW,
S233969929,nfl,2015/10/04,50/50 League ($1 - Top 50% Win) (Main),$60k,107.06,,40,100,Tournament,1,1.80,https://www.fanduel.com/entry/EYDZWPEGB,
S233958831,nfl,2015/10/04,50/50 League ($1 - Top 50% Win) (Main),$60k,107.06,,41,100,Tournament,1,1.80,https://www.fanduel.com/entry/AAXAHRLXL,
S233958185,nfl,2015/10/04,50/50 League ($1 - Top 50% Win) (Main),$60k,107.06,,30,100,Tournament,1,1.80,https://www.fanduel.com/entry/CYVHNIAAV,
